date,type,description,city
2018-01-15,robbery,A Man Dressed as SpiderMan Is on a Robbery Spree,NYC
2018-01-15,murder,Life Dont talk to me about life,Albany
2018-01-15,murder,Mama I killed a man put a gun against his head,Reno
2018-02-15,murder,REDACTED REDACTED REDACTED,SQL City
2018-02-15,murder,Someone killed the guard He took an arrow to the knee,SQL City
2018-01-15,theft,Big Bully stole my lunch money,Chicago
2018-01-15,fraud,Lorem ipsum dolor sit amet consectetur adipiscing elit sed do eiusmod tempor incididunt ut labore et dolore magna aliqua,Seattle
2017-07-12,theft,A lone hunter stalks the night firing arrows into the Darkness There is no hiding no escape In the distance the beast falters tethered to the void The killing blow comes without hesitation without mercy,SQL City
2017-08-20,arson,Wield the Hammer of Sol with honor Titan it is a thing of legend both past and future,SQL City
2017-11-10,robbery,The Gjallarhorn shouldermounted rocket system was forged from the armor of Guardians who fell at the Twilight Gap Gifted to the survivors of that terrible battle the Gjallarhorn is seen as a symbol of honor and survival,SQL City
2018-01-03,bribery,Apparently Cayde thought it necessary to expose this extremely rare vegetable to a Hive summoning ritual,SQL City
2018-01-15,assault,Hamilton Lee do you yield Burr You shot him in the side Yes he yields,SQL City
2018-01-15,assault,Report Not Found,SQL City
2017-01-01,fraud,forgotten to ask,Long Beach
2017-01-01,fraud,Alice did not wish to offend the Dormouse again so she began very,Oceanside
2017-01-01,theft,Yes said Alice we learned French and music,Chicago
2017-01-01,smuggling,Now tell me Pat whats that in the window,Gilbert
2017-01-01,assault,twist it up into a sort of knot and then keep tight hold of its right,Nashville
2017-01-02,arson,with a smile There was a dead silence,Las Vegas
2017-01-02,bribery,glass table Now Ill manage better this time she said to herself,Riverside
2017-01-02,theft,days and days,Canton
2017-01-02,smuggling,Yes said Alice we learned French and music,Alexandria
2017-01-03,arson,witness And he added in an undertone to the Queen Really my dear,Rochester
2017-01-04,blackmail,see what was the matter with it There could be no doubt that it had,Lacey
2017-01-05,theft,came carried on the breeze that followed them the melancholy words,McAllen
2017-01-05,robbery,uglifying it exclaimed You know what to beautify is I suppose,Seaside
2017-01-06,blackmail,rather sharply I advise you to leave off this minute She generally,Lewisville
2017-01-06,blackmail,CHAPTER X The Lobster Quadrille,Jackson
2017-01-06,theft,Of course it is said the Duchess who seemed ready to agree to,High Point
2017-01-07,bribery,The hedgehog was engaged in a fight with another hedgehog which seemed,Lorain
2017-01-07,blackmail,This answer so confused poor Alice that she let the Dormouse go on for,Newark
2017-01-07,theft,felt certain it must be really offended We wont talk about her any,Oklahoma City
2017-01-07,murder,It proves nothing of the sort said Alice Why you dont even know,Memphis
2017-01-08,murder,get is the same thing as I get what I like,Round Lake Beach
2017-01-08,theft,Alice tried to fancy to herself what such an extraordinary ways of,Louisville
2017-01-08,murder,HEARTHRUG,Jacksonville
2017-01-09,robbery,finished her sister kissed her and said It WAS a curious dream,Grand Rapids
2017-01-09,fraud,his fan and glovesthat is if I can find them As she said this she,North Port
2017-01-09,arson,mouth but she did it at last and managed to swallow a morsel of the,Port St. Lucie
2017-01-09,arson,for the next moment a shower of little pebbles came rattling in at the,Little Rock
2017-01-09,bribery,condemn,Visalia
2017-01-10,blackmail,Alice was not much surprised at this she was getting so used to queer,Kailua
2017-01-11,bribery,In which the cook and the baby joined,Lancaster
2017-01-13,fraud,Dinah and saying to her very earnestly Now Dinah tell me the truth,Paterson
2017-01-13,blackmail,Theres no sort of use in knocking said the Footman and that for,Fort Collins
2017-01-14,fraud,Off with their heads and the procession moved on three of the,Chicago
2017-01-14,fraud,I couldnt afford to learn it said the Mock Turtle with a sigh I,Lorain
2017-01-15,assault,Nothing WHATEVER persisted the King,Jersey City
2017-01-15,theft,The Knave shook his head sadly Do I look like it he said Which he,Hollywood
2017-01-15,robbery,think Alice went on that theyd let Dinah stop in the house if it,Cincinnati
2017-01-16,assault,my fur and whiskers Shell get me executed as sure as ferrets are,Plano
2017-01-16,blackmail,FishFootman was gone and the other was sitting on the ground near the,Tallahassee
2017-01-16,smuggling,living would be like but it puzzled her too much so she went on But,Las Cruces
2017-01-17,assault,with the words DRINK ME but nevertheless she uncorked it and put it,Anaheim
2017-01-17,bribery,you liked with the clock For instance suppose it were nine oclock in,San Bernardino
2017-01-18,robbery,the pool and the great hall with the glass table and the little door,Charlotte
2017-01-18,arson,minute or two which gave the Pigeon the opportunity of adding Youre,Wilmington
2017-01-18,theft,on,Denton
2017-01-19,smuggling,and sadly,Riverside
2017-01-21,arson,voice Why the fact is you see Miss this here ought to have been a,Knoxville
2017-01-21,murder,her to pass away the time,Murfreesboro
2017-01-22,murder,came near her she began in a low timid voice If you please sir,Temecula
2017-01-24,murder,about something my dear and that makes you forget to talk I cant,Santa Clarita
2017-01-24,robbery,a little shriek and went on that begins with an M such as,Macon
2017-01-25,murder,age knew the meaning of it at all However jurymen would have done,Laredo
2017-01-25,theft,Cant remember WHAT things said the Caterpillar,New Bedford
2017-01-26,arson,I wont said Alice,Richmond
2017-01-27,arson,tried to get her head down to them and was delighted to find that her,Birmingham
2017-01-27,blackmail,thousand miles down I think for you see Alice had learnt several,Richland
2017-01-28,theft,as far out to sea as you can,Newark
2017-01-28,theft,The Queen of Hearts she made some tarts,New Orleans
2017-01-28,assault,wag my tail when Im angry Therefore Im mad,Nashua
2017-01-29,arson,of thingsI cant remember half of themand it belongs to a farmer,Bridgeport
2017-01-29,bribery,Im sure Im not Ada she said for her hair goes in such long,Daytona Beach
2017-01-29,blackmail,Call the first witness said the King and the White Rabbit blew three,Paterson
2017-01-29,assault,OUT OF ITS WAISTCOATPOCKET and looked at it and then hurried on,Irving
2017-01-30,fraud,a bit,Raleigh
2017-01-31,bribery,every line,Fort Collins
2017-02-01,fraud,close by her,Tuscaloosa
2017-02-02,robbery,four times seven isoh dear I shall never get to twenty at that rate,Scranton
2017-02-02,smuggling,She was a good deal frightened by this very sudden change but she felt,Mesa
2017-02-02,smuggling,she was obliged to say creatures you see because some of them were,Montgomery
2017-02-03,arson,occasional exclamation of Hjckrrh from the Gryphon and the constant,Indianapolis
2017-02-05,robbery,The next witness was the Duchesss cook She carried the pepperbox in,Montgomery
2017-02-05,robbery,This here young lady said the Gryphon she wants for to know your,Irvine
2017-02-05,smuggling,would change to dull realitythe grass would be only rustling in the,Reno
2017-02-05,fraud,with the words DRINK ME but nevertheless she uncorked it and put it,Salinas
2017-02-07,arson,Theres a porpoise close behind us and hes treading on my tail,Duluth
2017-02-08,theft,Come on then roared the Queen and Alice joined the procession,Thornton
2017-02-08,fraud,growl the world would go round a deal faster than it does,Portland
2017-02-08,fraud,up into hersshe could hear the very tones of her voice and see that,Marysville
2017-02-08,smuggling,pocket and was looking at it uneasily shaking it every now and then,Toledo
2017-02-09,smuggling,as far out to sea as you can,Canton
2017-02-09,smuggling,yourself,College Station
2017-02-10,assault,Oh Ive had such a curious dream said Alice and she told her,Fargo
2017-02-10,arson,on,Scottsdale
2017-02-11,arson,ask perhaps I shall see it written up somewhere,Marina
2017-02-12,fraud,knowing how old it was and as the Lory positively refused to tell its,West Valley City
2017-02-12,assault,That your eye was as steady as ever,Corona
2017-02-12,robbery,It was high time to go for the pool was getting quite crowded with the,Mesa
2017-02-12,bribery,I couldnt help it said Five in a sulky tone Seven jogged my,Las Cruces
2017-02-14,fraud,Please come back and finish your story Alice called after it and the,Jackson
2017-02-14,fraud,CHAPTER IX The Mock Turtles Story,Saint Paul
2017-02-14,bribery,tis love that makes the world go round,Lakeland
2017-02-15,arson,itself upright as it spoke it was exactly three inches high,Port Arthur
2017-02-15,theft,the Eaglet bent down its head to hide a smile some of the other birds,McHenry
2017-02-15,arson,All the time they were playing the Queen never left off quarrelling with,Olathe
2017-02-15,fraud,drunk half the bottle she found her head pressing against the ceiling,Kennewick
2017-02-15,bribery,the executioner the King and the Queen who were all talking at once,Naples
2017-02-16,arson,stupid and that he had to ask his neighbour to tell him A nice,Augusta
2017-02-17,robbery,MORE than nothing,Scranton
2017-02-19,theft,keep through all her riper years the simple and loving heart of her,Antioch
2017-02-19,assault,whiskers,Kenosha
2017-02-19,blackmail,I didnt know it was YOUR table said Alice its laid for a great,Lubbock
2017-02-19,assault,IM not a mile high said Alice,Grand Rapids
2017-02-20,murder,knocking and hurried upstairs in great fear lest she should meet the,Madison
2017-02-21,murder,I HAVE tasted eggs certainly said Alice who was a very truthful,Chandler
2017-02-21,theft,And ever since that the Hatter went on in a mournful tone he wont,San Francisco
2017-02-21,blackmail,was he said,Panama City
2017-02-22,fraud,could get away without being seen when she noticed a curious appearance,Jersey City
2017-02-22,fraud,You might just as well say added the March Hare that I like what I,Chattanooga
2017-02-22,arson,the teapot,Havre de Grace
2017-02-22,assault,Oh PLEASE mind what youre doing cried Alice jumping up and down in,El Monte
2017-02-25,fraud,What do you mean by that said the Caterpillar sternly Explain,Youngstown
2017-02-25,arson,about the whiting,Baltimore
2017-02-26,theft,makes me grow smaller I can creep under the door so either way Ill,Wichita
2017-02-26,blackmail,yourself,Bridgeport
2017-02-27,murder,name like an honest man,Manchester
2017-02-27,smuggling,If Id been the whiting said Alice whose thoughts were still running,Fairfield
2017-02-27,assault,She was moving them about as she spoke but no result seemed to follow,Portsmouth
2017-03-01,arson,Would not could not would not could not could not join the dance,Normal
2017-03-01,arson,Very true said the Duchess flamingoes and mustard both bite And,Tempe
2017-03-02,blackmail,When she got back to the Cheshire Cat she was surprised to find quite a,Kenosha
2017-03-02,robbery,Yes thats it said the Hatter with a sigh its always teatime,Palm Bay
2017-03-02,bribery,The Mock Turtle went on,Salem
2017-03-02,fraud,She ate a little bit and said anxiously to herself Which way Which,Victorville
2017-03-02,murder,with the words DRINK ME but nevertheless she uncorked it and put it,Mobile
2017-03-03,theft,Are you content now said the Caterpillar,North Las Vegas
2017-03-03,arson,The door led right into a large kitchen which was full of smoke from,San Bernardino
2017-03-03,assault,her she gave a little scream half of fright and half of anger and,Portland
2017-03-03,bribery,judge Ill,Naples
2017-03-04,fraud,neither of the others took the least notice of her going though she,Costa Mesa
2017-03-04,smuggling,jumping merrily along hand in hand in couples they were all ornamented,New London
2017-03-04,robbery,By this time she had found her way into a tidy little room with a table,Charleston
2017-03-07,robbery,sort of way to fly up into a tree,West Covina
2017-03-08,murder,ground as she spoke either you or your head must be off and that in,Bonita Springs
2017-03-08,robbery,on,Birmingham
2017-03-08,assault,kind to them thought Alice or perhaps they wont walk the way I want,Des Moines
2017-03-10,assault,And how many hours a day did you do lessons said Alice in a hurry to,Fresno
2017-03-10,theft,Come on then roared the Queen and Alice joined the procession,Palm Bay
2017-03-10,theft,short remarks and she drew herself up and said very gravely I think,Fort Wayne
2017-03-10,blackmail,It isnt said the Caterpillar,Palmdale
2017-03-11,arson,full of tears but said nothing,Fort Wayne
2017-03-11,bribery,chimneys were shaped like ears and the roof was thatched with fur It,Santa Cruz
2017-03-12,robbery,And who are THESE said the Queen pointing to the three gardeners who,San Bernardino
2017-03-12,arson,us all about it,Riverside
2017-03-13,robbery,It must have been that said the King unless it was written to,Inglewood
2017-03-13,robbery,the Rabbit coming to look for her and she trembled till she shook the,Miramar
2017-03-13,fraud,she was up to her chin in salt water Her first idea was that she,Cape Coral
2017-03-13,blackmail,They were indeed a queerlooking party that assembled on the bankthe,Kenosha
2017-03-13,theft,the sea,Yakima
2017-03-15,blackmail,get into the garden and I dont care which happens,Hampton
2017-03-15,theft,regular rule you invented it just now,Washington
2017-03-15,assault,herself in a long low hall which was lit up by a row of lamps hanging,Marina
2017-03-16,fraud,nothing better to say than his first remark It was the BEST butter,Burlington
2017-03-17,blackmail,she was out of sight then it chuckled What fun said the Gryphon,Elizabeth
2017-03-17,smuggling,You are old said the youth one would hardly suppose,North Port
2017-03-17,assault,Queen,Davidson County
2017-03-18,blackmail,Have you guessed the riddle yet the Hatter said turning to Alice,Eugene
2017-03-20,bribery,that used to come once a week HE taught us Drawling Stretching and,Palmdale
2017-03-22,blackmail,A likely story indeed said the Pigeon in a tone of the deepest,Huntington
2017-03-22,robbery,had got so much into the way of expecting nothing but outoftheway,Brighton
2017-03-22,murder,Yes said Alice doubtfully it meanstomakeanythingprettier,Syracuse
2017-03-22,arson,I can tell you more than that if you like said the Gryphon Do you,Bellevue
2017-03-25,murder,You can really have no notion how delightful it will be,Denver
2017-03-26,smuggling,she thought and looked into its eyes again to see if there were any,Durham
2017-03-27,bribery,So you did old fellow said the others,Milwaukee
2017-03-27,fraud,Queen jumped up and bawled out Hes murdering the time Off with his,Round Lake Beach
2017-03-28,arson,Now I give you fair warning shouted the Queen stamping on the,Denver
2017-03-28,murder,the poor animals feelings I quite forgot you didnt like cats,Louisville
2017-03-29,blackmail,began shrinking directly As soon as she was small enough to get through,Oakland
2017-03-29,theft,An arm you goose Who ever saw one that size Why it fills the whole,Murfreesboro
2017-03-29,murder,had got so much into the way of expecting nothing but outoftheway,Grand Rapids
2017-03-30,murder,I dont know where Dinn may be said the Mock Turtle but if youve,Paterson
2017-03-30,fraud,its a vegetable It doesnt look like one but it is,Santa Rosa
2017-03-30,arson,By this time she had found her way into a tidy little room with a table,Kalamazoo
2017-03-31,theft,all its feet at once with a yelp of delight and rushed at the stick,Roseville
2017-04-01,assault,people began running about in all directions tumbling up against each,Downey
2017-04-01,assault,For some minutes the whole court was in confusion getting the Dormouse,Fort Walton Beach
2017-04-01,murder,it all seemed quite natural but when the Rabbit actually TOOK A WATCH,North Charleston
2017-04-01,robbery,Its a mineral I THINK said Alice,Lake Charles
2017-04-01,assault,You promised to tell me your history you know said Alice and why,Santa Clarita
2017-04-03,fraud,the Lizard in head downwards and the poor little thing was waving its,Montgomery
2017-04-05,assault,of tiny white kid gloves she took up the fan and a pair of the gloves,Danbury
2017-04-05,murder,atom of meaning in it but none of them attempted to explain the paper,Harrisburg
2017-04-05,arson,desperate that she was ready to ask help of any one so when the Rabbit,Apple Valley
2017-04-05,blackmail,again it was very provoking to find that the hedgehog had unrolled,Bakersfield
2017-04-05,murder,Alas it was too late to wish that She went on growing and growing,Memphis
2017-04-06,fraud,We had the best of educationsin fact we went to school every day,Ogden
2017-04-07,arson,about half no time Take your choice,Tyler
2017-04-08,arson,Beautiful Soup Who cares for fish,Winston
2017-04-08,assault,Alice had no idea what to do and in despair she put her hand in her,Cleveland
2017-04-08,arson,CHAPTER V Advice from a Caterpillar,Wilmington
2017-04-09,assault,Then came a little pattering of feet on the stairs Alice knew it was,Yakima
2017-04-09,blackmail,CHAPTER IX The Mock Turtles Story,Inglewood
2017-04-09,arson,could hear the rattle of the teacups as the March Hare and his friends,Port Arthur
2017-04-09,murder,witness And he added in an undertone to the Queen Really my dear,San Antonio
2017-04-09,bribery,before said Alice and round the neck of the bottle was a paper,Chula Vista
2017-04-10,smuggling,It isnt directed at all said the White Rabbit in fact theres,Rockford
2017-04-11,blackmail,cant think And oh I wish you could see her after the birds Why,Arlington
2017-04-12,robbery,Stolen the King exclaimed turning to the jury who instantly made a,Athens
2017-04-13,bribery,No indeed said Alice What sort of a dance is it,Roanoke
2017-04-13,bribery,just as the Dormouse crossed the court she said to one of the officers,Daly City
2017-04-14,arson,see if she could have been changed for any of them,Salem
2017-04-14,assault,place with a little house in it about four feet high Whoever lives,Providence
2017-04-15,blackmail,house,Kissimmee
2017-04-15,bribery,sight they were getting so far off Oh my poor little feet I wonder,Tyler
2017-04-16,smuggling,So she set to work and very soon finished off the cake,Westminster
2017-04-16,theft,The players all played at once without waiting for turns quarrelling,Charleston
2017-04-16,fraud,Not a bit said the Caterpillar,Augusta
2017-04-17,murder,would change to dull realitythe grass would be only rustling in the,Aberdeen
2017-04-18,theft,If she should push the matter on,Santa Clara
2017-04-19,smuggling,sister as well as she could remember them all these strange Adventures,New Haven
2017-04-19,fraud,The FishFootman began by producing from under his arm a great letter,Green Bay
2017-04-20,murder,over their heads She felt very curious to know what it was all about,Scottsdale
2017-04-20,bribery,Beauootiful Soooop,Colorado Springs
2017-04-20,arson,sweettempered I only wish people knew that then they wouldnt be so,Denver
2017-04-20,assault,I dont see said the Caterpillar,Johnson City
2017-04-21,smuggling,players except the King the Queen and Alice were in custody and,Sterling Heights
2017-04-21,bribery,all talking together she made out the words Wheres the other,Murfreesboro
2017-04-22,arson,down yet before the trials begun,Merced
2017-04-24,murder,I never thought about it said Alice Why,Wilmington
2017-04-25,bribery,How queer it seems Alice said to herself to be going messages for,Cary
2017-04-25,arson,Alice was silent,Fargo
2017-04-26,smuggling,I dont know of any that do Alice said very politely feeling quite,Redding
2017-04-26,bribery,Go on with the next verse the Gryphon repeated impatiently it,Saint Petersburg
2017-04-26,arson,savage when they met in the kitchen,Washington
2017-04-27,theft,Alice had never been in a court of justice before but she had read,Rochester
2017-04-28,theft,executes nobody you know Come on,Fort Worth
2017-04-28,fraud,That PROVES his guilt said the Queen,Dallas
2017-04-28,smuggling,My name is Alice so please your Majesty said Alice very politely,Elkhart
2017-04-29,murder,yourself,Richland
2017-04-29,bribery,in a great hurry and their names were Elsie Lacie and Tillie and,Harlingen
2017-04-30,bribery,This was not an encouraging opening for a conversation Alice replied,Corpus Christi
2017-04-30,robbery,Do you think I can listen all day to such stuff,Gainesville
2017-04-30,fraud,The table was a large one but the three were all crowded together at,Denton
2017-04-30,fraud,unrolled the parchment scroll and read as follows,Manchester
2017-05-01,smuggling,along the course here and there There was no One two three and,Clarke County
2017-05-02,murder,enough of it now in sight and no more of it appeared,Norman
2017-05-02,arson,after it and fortunately was just in time to see it pop down a large,San Antonio
2017-05-02,robbery,hand and a piece of breadandbutter in the other I beg pardon your,Kaneohe
2017-05-03,assault,Why said the Gryphon you first form into a line along the,Visalia
2017-05-03,theft,their own business,Athens
2017-05-04,blackmail,She drew her foot as far down the chimney as she could and waited,Kaneohe
2017-05-04,assault,It was much pleasanter at home thought poor Alice when one wasnt,Springfield
2017-05-04,assault,There was not a moment to be lost away went Alice like the wind and,South Lyon
2017-05-05,bribery,him Ill give him sixpence I dont believe theres an atom of,Memphis
2017-05-06,arson,CHAPTER V Advice from a Caterpillar,Escondido
2017-05-07,bribery,Yes thats it said the Hatter with a sigh its always teatime,New Haven
2017-05-08,arson,A secret kept from all the rest,Sarasota
2017-05-08,assault,croquetground,Gilbert
2017-05-09,blackmail,I want a clean cup interrupted the Hatter lets all move one place,Norwich
2017-05-09,arson,Alice a little timidly but its no use going back to yesterday,Raleigh
2017-05-09,robbery,The Mouse only growled in reply,Brownsville
2017-05-11,blackmail,head first and then sat upon it,Anchorage
2017-05-11,fraud,down again into its nest Alice crouched down among the trees as well as,Cleveland
2017-05-11,smuggling,other and growing sometimes taller and sometimes shorter until she had,Winston
2017-05-12,smuggling,You should learn not to make personal remarks Alice said with some,Layton
2017-05-13,murder,could,Sioux Falls
2017-05-13,murder,Its a pun the King added in an offended tone and everybody laughed,Denton
2017-05-13,blackmail,was a table with a large dish of tarts upon it they looked so good,St. Petersburg
2017-05-15,bribery,a Hatter and in THAT direction waving the other paw lives a March,Savannah
2017-05-15,arson,whole,Little Rock
2017-05-16,theft,try the,Norwalk
2017-05-17,bribery,and said Thats very curious,Charleston
2017-05-18,assault,death,Burlington
2017-05-18,smuggling,or Longitude Ive got to Alice had no idea what Latitude was or,Waco
2017-05-18,smuggling,I didnt the March Hare interrupted in a great hurry,Richmond County
2017-05-19,murder,The Duchess took her choice and was gone in a moment,Jersey City
2017-05-20,robbery,Then the Dormouse shall they both cried Wake up Dormouse And,Madison
2017-05-20,fraud,doesnt suit my throat and a Canary called out in a trembling voice to,San Bernardino
2017-05-20,theft,to Alice as it spoke,Burbank
2017-05-20,blackmail,that I see what I eat is the same thing as I eat what I see,Houston
2017-05-22,bribery,conversations,Roseville
2017-05-23,assault,appear and after a minute or two she walked on in the direction in,Boston
2017-05-24,blackmail,What made you so awfully clever,Palm Bay
2017-05-25,bribery,You may not have lived much under the sea I havent said,Tulsa
2017-05-25,robbery,When the procession came opposite to Alice they all stopped and looked,Rochester
2017-05-26,robbery,Of course it is said the Duchess who seemed ready to agree to,Buffalo
2017-05-26,assault,Boots and shoes under the sea the Gryphon went on in a deep voice,Bonita Springs
2017-05-27,arson,too much frightened to say a word but slowly followed her back to the,Downey
2017-05-27,arson,surprised hell be when he finds out who I am But Id better take him,Port Saint Lucie
2017-05-27,arson,She ate a little bit and said anxiously to herself Which way Which,Los Angeles
2017-05-27,theft,and began by taking the little golden key and unlocking the door that,Ann Arbor
2017-05-28,assault,carefully remarking I really must be getting home the nightair,Modesto
2017-05-28,smuggling,answer so Alice went on eagerly There is such a nice little dog near,Chesapeake
2017-05-29,assault,Why said the Caterpillar,St. Petersburg
2017-05-29,fraud,havent had a wink of sleep these three weeks,Norwalk
2017-05-29,smuggling,Yes but some crumbs must have got in as well the Hatter grumbled,Scranton
2017-05-29,assault,verse,Havre de Grace
2017-05-30,arson,the subjects on his flappers Mystery ancient and modern with,Apple Valley
2017-05-30,assault,likely it can talk at any rate theres no harm in trying So she,Frederick
2017-05-30,arson,contempt Ive seen a good many little girls in my time but never ONE,Springfield
2017-06-02,blackmail,Ill be,Panama City
2017-06-02,robbery,you might like to try the thing yourself some winter day I will tell,Poughkeepsie
2017-06-04,assault,it to make it stop,Portland
2017-06-04,fraud,yourself,Las Cruces
2017-06-04,murder,hands were clasped upon her knee and the bright eager eyes were looking,Yonkers
2017-06-04,bribery,Thank you its a very interesting dance to watch said Alice feeling,Duluth
2017-06-04,arson,much larger than a rathole she knelt down and looked along the passage,McAllen
2017-06-06,assault,Alice who felt ready to sink into the earth At last the Gryphon said,Detroit
2017-06-06,fraud,They couldnt have done that you know Alice gently remarked theyd,Bel Air
2017-06-06,bribery,children she knew who might do very well as pigs and was just saying,Anaheim
2017-06-07,murder,Back to land again and thats all the first figure said the Mock,Cary
2017-06-07,smuggling,the pool as it went,St. Paul
2017-06-09,murder,Well perhaps not said Alice in a soothing tone dont be angry,Bakersfield
2017-06-09,murder,to Alice as it spoke,Oxnard
2017-06-10,theft,made up my mind about it if Im Mabel Ill stay down here Itll be no,Colorado Springs
2017-06-10,smuggling,hand again and made another snatch in the air This time there were,Paterson
2017-06-10,bribery,Queen who was reading the list of singers,Philadelphia
2017-06-10,bribery,the best thing to get us dry would be a Caucusrace,Knoxville
2017-06-11,arson,them say Look out now Five Dont go splashing paint over me like,Boston
2017-06-11,arson,from one foot to the other looking uneasily at the Queen and in,Racine
2017-06-11,murder,Be off or Ill kick you down stairs,Frederick
2017-06-12,murder,I didnt know that Cheshire cats always grinned in fact I didnt know,Oceanside
2017-06-13,theft,of the window and one foot up the chimney and said to herself Now I,Redding
2017-06-13,arson,officers but the Hatter was out of sight before the officer could get,San Francisco
2017-06-14,robbery,slate with one finger as he found it made no mark but he now hastily,Augusta
2017-06-14,theft,Please would you tell me said Alice a little timidly for she was,Hartford
2017-06-14,robbery,groundand I should have croqueted the Queens hedgehog just now only,Denton
2017-06-15,robbery,the subjects on his flappers Mystery ancient and modern with,Saginaw
2017-06-15,blackmail,way of speaking to a mouse she had never done such a thing before but,Santa Ana
2017-06-15,assault,came upon a neat little house on the door of which was a bright brass,Bremerton
2017-06-17,smuggling,tone at least theres no room to grow up any more HERE,Escondido
2017-06-17,robbery,With extras asked the Mock Turtle a little anxiously,Atlanta
2017-06-17,arson,that she had put on one of the Rabbits little white kid gloves while,Jersey City
2017-06-18,blackmail,tone Nobody seems to like her down here and Im sure shes the best,Corpus Christi
2017-06-18,smuggling,denying it I suppose youll be telling me next that you never tasted an,Gainesville
2017-06-18,theft,she felt a little nervous about this for it might end you know said,El Paso
2017-06-18,bribery,reason is here the Mock Turtle yawned and shut his eyesTell her,Newburgh
2017-06-20,arson,Lory who at last turned sulky and would only say I am older than,Olympia
2017-06-20,bribery,Queen today,Saint Louis
2017-06-20,robbery,elbow,Punta Gorda
2017-06-20,robbery,Quick now And Alice was so much frightened that she ran off at once,Fargo
2017-06-21,arson,out with his nose you know,Vallejo
2017-06-21,murder,Trims his belt and his buttons and turns out his toes,Vero Beach
2017-06-22,blackmail,the Duchess said after a pause the reason is that Im doubtful about,Marysville
2017-06-22,arson,Would not could not would not could not would not join the dance,Waterbury
2017-06-22,blackmail,Call it what you like said the Cat Do you play croquet with the,Detroit
2017-06-23,theft,Wonderland though she knew she had but to open them again and all,Canton
2017-06-24,assault,hot tea upon its nose,Muskegon
2017-06-24,bribery,holiday,Costa Mesa
2017-06-24,fraud,Poor Alice It was as much as she could do lying down on one side to,San Bernardino
2017-06-25,assault,Bills place for a good deal this fireplace is narrow to be sure but,Riverside
2017-06-25,bribery,held it out to the puppy whereupon the puppy jumped into the air off,Sarasota
2017-06-25,arson,Theres no such thing Alice was beginning very angrily but the,Richmond
2017-06-26,robbery,moment like a wild beast screamed Off with her head Off,Waterbury
2017-06-26,robbery,procession came THE KING AND QUEEN OF HEARTS,Houma
2017-06-26,robbery,and no one else seemed inclined to say anything,Albuquerque
2017-06-27,theft,I wish I had our Dinah here I know I do said Alice aloud addressing,Las Cruces
2017-06-27,fraud,Now tell me Pat whats that in the window,Myrtle Beach
2017-06-27,bribery,history she do,Chicago
2017-06-27,smuggling,And yet what a dear little puppy it was said Alice as she leant,Norman
2017-06-28,robbery,my tea when I was sent for,Grayslake
2017-06-28,robbery,THE END,Vancouver
2017-06-28,assault,rather a handsome pig I think And she began thinking over other,Toledo
2017-06-28,arson,great emphasis looking hard at Alice as he said do,Richmond
2017-06-29,theft,yes thats about the right distancebut then I wonder what Latitude,GreenBay
2017-06-29,smuggling,look through into the garden with one eye but to get through was more,Atlantic City
2017-06-29,smuggling,Suppose we change the subject the March Hare interrupted yawning,Omaha
2017-06-30,smuggling,away You insult me by talking such nonsense,Abilene
2017-07-02,assault,hurry muttering to himself as he came Oh the Duchess the Duchess,Irving
2017-07-02,blackmail,which word sounded best,Daly City
2017-07-04,arson,It isnt mine said the Hatter,Warren
2017-07-04,murder,the best plan,Cary
2017-07-05,blackmail,hedgehog to and as the doubledup soldiers were always getting up,Evansville
2017-07-05,murder,her eyes and once she remembered trying to box her own ears for having,Grand Prairie
2017-07-05,theft,You shant be beheaded said Alice and she put them into a large,Greensboro
2017-07-06,arson,uncomfortable for the Dormouse thought Alice only as its asleep I,Odessa
2017-07-06,bribery,of the cattle in the distance would take the place of the Mock Turtles,Lowell
2017-07-06,smuggling,a mouseto a mousea mouseO mouse The Mouse looked at her rather,Duluth
2017-07-07,assault,something like this,Sterling Heights
2017-07-07,fraud,its eyes for it was getting very sleepy and they drew all manner of,Fullerton
2017-07-07,murder,same when I got up this morning I almost think I can remember feeling a,Salt Lake City
2017-07-07,fraud,Alice said nothing she had sat down with her face in her hands,Durham
2017-07-09,bribery,Ill fetch the executioner myself said the King eagerly and he,Kissimmee
2017-07-09,fraud,Well then the Gryphon went on if you dont know what to uglify is,Dallas
2017-07-09,blackmail,she hastily dried her eyes to see what was coming It was the White,Providence
2017-07-09,fraud,Soon her eye fell on a little glass box that was lying under the table,Grayslake
2017-07-09,robbery,Next came an angry voicethe RabbitsPat Pat Where are you And,Dallas
2017-07-10,assault,Write that down the King said to the jury and the jury eagerly,Evansville
2017-07-10,assault,cost them their lives,Tempe
2017-07-10,arson,First came ten soldiers carrying clubs these were all shaped like,Fort Lauderdale
2017-07-13,theft,likely it can talk at any rate theres no harm in trying So she,Orem
2017-07-13,blackmail,moved into the Dormouses place and Alice rather unwillingly took,Bakersfield
2017-07-13,blackmail,and skurried away into the darkness as hard as he could go,Newark
2017-07-13,fraud,Only mustard isnt a bird Alice remarked,Lancaster
2017-07-14,assault,go down the chimney,Bel Air
2017-07-15,fraud,At last the Mouse who seemed to be a person of authority among them,Green Bay
2017-07-15,assault,disappeared so the King and the executioner ran wildly up and down,Thousand Oaks
2017-07-16,murder,Why not said the March Hare,Riverside
2017-07-20,murder,any more And here poor Alice began to cry again for she felt very,Hollywood
2017-07-20,theft,blow underneath her chin it had struck her foot,Green Bay
2017-07-20,fraud,it is you hateC and D she added in a whisper half afraid that it,Aurora
2017-07-21,assault,If any one of them can explain it said Alice she had grown so large,Saint Louis
2017-07-21,arson,obliged to write with one finger for the rest of the day and this was,Colorado Springs
2017-07-24,blackmail,ache,Savannah
2017-07-24,murder,days and days,North Port
2017-07-24,assault,Boots and shoes under the sea the Gryphon went on in a deep voice,Daytona Beach
2017-07-24,blackmail,said the Gryphon and it set to work shaking him and punching him in,Mobile
2017-07-26,robbery,looked like the right thing to eat or drink under the circumstances,Escondido
2017-07-26,theft,Then you may SIT down the King replied,Los Angeles
2017-07-28,robbery,children she knew who might do very well as pigs and was just saying,Jefferson
2017-07-29,arson,other side the puppy made another rush at the stick and tumbled head,Corpus Christi
2017-07-29,robbery,that did not sneeze were the cook and a large cat which was sitting on,McAllen
2017-07-29,arson,nowhere to be seeneverything seemed to have changed since her swim in,Santa Maria
2017-07-29,fraud,long as there was room for her,Overland Park
2017-07-30,fraud,disappointment it was empty she did not like to drop the jar for fear,North Las Vegas
2017-07-30,theft,No I give it up Alice replied whats the answer,Fort Lauderdale
2017-07-31,smuggling,gave herself very good advice though she very seldom followed it,Birmingham
2017-07-31,fraud,What a curious feeling said Alice I must be shutting up like a,Boise
2017-08-01,smuggling,You did said the Hatter,Bonita Springs
2017-08-02,robbery,You might just as well say added the March Hare that I like what I,Tucson
2017-08-02,murder,Call it what you like said the Cat Do you play croquet with the,Flint
2017-08-02,assault,to say,Port Orange
2017-08-02,blackmail,to some tea and breadandbutter and then turned to the Dormouse and,Cincinnati
2017-08-03,fraud,it advisable to go with Edgar Atheling to meet William and offer him the,Youngstown
2017-08-05,fraud,at last the Caterpillar took the hookah out of its mouth and addressed,Bel Air
2017-08-06,bribery,have been ill,Deltona
2017-08-06,theft,the flowers and the blades of grass but she did not see anything that,Winter Haven
2017-08-06,assault,When the sands are all dry he is gay as a lark,Rancho Cucamonga
2017-08-08,murder,We know it to be true,Costa Mesa
2017-08-10,fraud,about two feet high and was going on shrinking rapidly she soon found,Toledo
2017-08-10,murder,Lory,Aberdeen
2017-08-10,murder,began Alice thought she had never seen such a curious croquetground in,Fairfield
2017-08-10,arson,blow underneath her chin it had struck her foot,Havre de Grace
2017-08-13,assault,Oh I beg your pardon cried Alice hastily afraid that she had hurt,Cedar Rapids
2017-08-13,blackmail,railway she said to herself Alice had been to the seaside once in,Little Rock
2017-08-14,smuggling,large she had grown in the last few minutes and she jumped up in such,New Bedford
2017-08-17,fraud,I see said the Queen who had meanwhile been examining the roses,Berkeley
2017-08-19,blackmail,sitting sad and lonely on a little ledge of rock and as they came,Eugene
2017-08-19,assault,sharp little chin into Alices shoulder as she added and the moral,Topeka
2017-08-20,robbery,arms took the hookah out of its mouth again and said So you think,Mesquite
2017-08-20,arson,thing Alice went on half to herself as she swam lazily about in the,Medford
2017-08-20,robbery,herself Shy they seem to put everything upon Bill I wouldnt be in,Oxnard
2017-08-21,theft,At last the Mouse who seemed to be a person of authority among them,New Orleans
2017-08-21,smuggling,to be done I wonder As she said this she came suddenly upon an open,Olathe
2017-08-22,robbery,And ever since that the Hatter went on in a mournful tone he wont,Augusta
2017-08-22,robbery,Gryphon,South Lyon
2017-08-23,theft,Thats none of YOUR business Two said Seven,Colorado Springs
2017-08-24,murder,The twinkling of the what said the King,Syracuse
2017-08-24,theft,Alice was rather doubtful whether she ought not to lie down on her face,Bellevue
2017-08-25,fraud,Give your evidence said the King,Lincoln
2017-08-25,robbery,birds and beasts as well as the whole pack of cards the Knave was,Santa Maria
2017-08-25,robbery,leaves I should have liked teaching it tricks very much ifif Id,Erie
2017-08-25,assault,seen them so often of course you know what theyre like,Richland
2017-08-26,arson,what a wonderful dream it had been,Charlotte
2017-08-26,murder,so closely against her foot that there was hardly room to open her,Little Rock
2017-08-27,assault,Alice was rather doubtful whether she ought not to lie down on her face,Hollywood
2017-08-27,smuggling,begun asking riddlesI believe I can guess that she added aloud,Columbus
2017-08-28,theft,Shant said the cook,McAllen
2017-08-30,robbery,their mouthsand theyre all over crumbs,Waterbury
2017-08-30,robbery,importantunimportantunimportantimportant as if he were trying,Burlington
2017-08-31,murder,Next came an angry voicethe RabbitsPat Pat Where are you And,Virginia Beach
2017-09-01,theft,came near her she began in a low timid voice If you please sir,Lancaster
2017-09-01,fraud,know with oh such long curly brown hair And itll fetch things when,Kalamazoo
2017-09-01,bribery,I dont know where Dinn may be said the Mock Turtle but if youve,Elizabeth
2017-09-01,arson,executed for having missed their turns and she did not like the look,Murfreesboro
2017-09-01,blackmail,If you didnt sign it said the King that only makes the matter,Dallas
2017-09-04,bribery,glass table Now Ill manage better this time she said to herself,Cape Coral
2017-09-04,theft,what a wonderful dream it had been,Youngstown
2017-09-04,theft,wonder what they WILL do next If they had any sense theyd take the,Billings
2017-09-05,robbery,she said to herself and shouted out Youd better not do that again,Las Cruces
2017-09-06,smuggling,bore it as well as she could,Yakima
2017-09-06,fraud,No please go on Alice said very humbly I wont interrupt again I,Santa Clarita
2017-09-06,bribery,tell me please which way I ought to go from here,Aurora
2017-09-07,theft,How doth the little crocodile,Chandler
2017-09-07,murder,take more,Gastonia
2017-09-08,fraud,a large cauldron which seemed to be full of soup,Panama City
2017-09-08,assault,What size do you want to be it asked,Springdale
2017-09-08,smuggling,Oh dont bother ME said the Duchess I never could abide figures,Duluth
2017-09-09,murder,I wont indeed said Alice in a great hurry to change the subject of,Provo
2017-09-09,arson,to herself if one only knew the right way to change them when she,Oxnard
2017-09-10,blackmail,the best thing to get us dry would be a Caucusrace,Scottsdale
2017-09-11,bribery,I keep them to sell the Hatter added as an explanation Ive none of,Worcester
2017-09-11,smuggling,in the last few minutes that she wasnt a bit afraid of interrupting,Sioux City
2017-09-13,theft,are done with a whiting Now you know,Clarke County
2017-09-13,arson,Game or any other dish,Cincinnati
2017-09-13,blackmail,around itonce more the shriek of the Gryphon the squeaking of the,McHenry
2017-09-13,assault,her life it was all ridges and furrows the balls were live hedgehogs,Memphis
2017-09-14,smuggling,so closely against her foot that there was hardly room to open her,St. Louis
2017-09-14,bribery,age there was no more to be said,High Point
2017-09-15,blackmail,Speak English said the Eaglet I dont know the meaning of half,Detroit
2017-09-15,theft,There might be some sense in your knocking the Footman went on,Atlanta
2017-09-15,theft,said It was a treaclewell,Kissimmee
2017-09-15,blackmail,And your hair has become very white,Henderson
2017-09-16,theft,Waiting in a hot tureen,Pueblo
2017-09-17,assault,Please would you tell me said Alice a little timidly for she was,Bloomington
2017-09-18,smuggling,be growing small again She got up and went to the table to measure,Winston
2017-09-18,blackmail,Pray dont trouble yourself to say it any longer than that said,Toledo
2017-09-18,theft,moment like a wild beast screamed Off with her head Off,Fayetteville
2017-09-18,bribery,surprised hell be when he finds out who I am But Id better take him,Gilbert
2017-09-19,robbery,And washing said the Mock Turtle,Bridgeport
2017-09-19,fraud,back to finish his story,Bradenton
2017-09-20,robbery,make me smaller I suppose,Wilmington
2017-09-21,fraud,London is the capital of Paris and Paris is the capital of Rome and,Bremerton
2017-09-21,blackmail,Do you think I can listen all day to such stuff,Tallahassee
2017-09-21,blackmail,more if youd rather not,Minneapolis
2017-09-21,blackmail,such a capital one for catching miceoh I beg your pardon cried,Phoenix
2017-09-22,smuggling,At this moment the King who had been for some time busily writing in,Hollywood
2017-09-22,assault,I THINK I can kick a little,St. Paul
2017-09-22,assault,till the puppys bark sounded quite faint in the distance,Tucson
2017-09-25,bribery,the puppy began a series of short charges at the stick running a very,Bloomington
2017-09-26,smuggling,feebly stretching out one paw trying to touch her Poor little thing,Jackson
2017-09-26,robbery,Not I said the Lory hastily,Phoenix
2017-09-26,murder,Alice she went on Whats your name child,Cathedral City
2017-09-26,arson,was a table with a large dish of tarts upon it they looked so good,Warren
2017-09-27,robbery,she could for her neck kept getting entangled among the branches and,Marina
2017-09-27,fraud,ropeWill the roof bearMind that loose slateOh its coming,Macon
2017-09-27,assault,saying to herself Suppose it should be raving mad after all I almost,Murrieta
2017-09-27,smuggling,London is the capital of Paris and Paris is the capital of Rome and,Clearwater
2017-09-28,robbery,by another footman in livery with a round face and large eyes like a,Richmond County
2017-09-28,robbery,plenty of time as she went down to look about her and to wonder what was,Springfield
2017-09-29,murder,What sort of people live about here,Hartford
2017-09-30,arson,made out that she was in the pool of tears which she had wept when she,Sioux City
2017-09-30,bribery,I shant be able I shall be a great deal too far off to trouble,Santa Ana
2017-10-02,blackmail,like them raw,Lacey
2017-10-02,bribery,Speak roughly to your little boy,Tampa
2017-10-02,fraud,the righthand bit to try the effect the next moment she felt a violent,Thousand Oaks
2017-10-02,theft,Never said the Queen furiously throwing an inkstand at the Lizard,Mesa
2017-10-03,murder,I should like it very much said Alice but I havent been invited,Punta Gorda
2017-10-04,smuggling,she was up to her chin in salt water Her first idea was that she,Lakewood
2017-10-04,assault,a French mouse come over with William the Conqueror For with all,Sterling Heights
2017-10-04,smuggling,This sounded promising certainly Alice turned and came back again,Norman
2017-10-04,assault,till she heard a little animal she couldnt guess of what sort it was,Detroit
2017-10-05,murder,it lasted,Cape Coral
2017-10-05,bribery,The players all played at once without waiting for turns quarrelling,Durham
2017-10-06,bribery,Because he knows it teases,Rockford
2017-10-09,robbery,as well as she could for sneezing,Lake Charles
2017-10-09,fraud,know with oh such long curly brown hair And itll fetch things when,Inglewood
2017-10-09,bribery,And what are they made of Alice asked in a tone of great curiosity,Waterloo
2017-10-10,murder,condemn,Cedar Rapids
2017-10-10,smuggling,She was a good deal frightened by this very sudden change but she felt,Jersey City
2017-10-10,smuggling,Luckily for Alice the little magic bottle had now had its full effect,Cedar Rapids
2017-10-12,bribery,Well I cant show it you myself the Mock Turtle said Im too,Akron
2017-10-12,arson,Alice could think of nothing else to say but It belongs to the Duchess,Norwalk
2017-10-12,theft,Soup of the evening beautiful Soup,Layton
2017-10-12,arson,I said pig replied Alice and I wish you wouldnt keep appearing and,Aurora
2017-10-12,murder,WOULD always get into her eyesand still as she listened or seemed to,Davenport
2017-10-13,bribery,she was terribly frightened all the time at the thought that it might be,West Covina
2017-10-13,fraud,I cant help it said Alice very meekly Im growing,Evansville
2017-10-13,murder,sharp little chin into Alices shoulder as she added and the moral,Nashua
2017-10-13,murder,Alice was very glad to find her in such a pleasant temper and thought,Stockton
2017-10-14,bribery,his eyes He looked at Alice and tried to speak but for a minute or,New Orleans
2017-10-15,murder,that dark hall and wander about among those beds of bright flowers and,Eugene
2017-10-15,murder,Quick now And Alice was so much frightened that she ran off at once,Austin
2017-10-15,arson,a procession thought she if people had all to lie down upon their,Lubbock
2017-10-15,robbery,Yes it IS his business said Five and Ill tell himit was for,Washington
2017-10-16,theft,not help thinking there MUST be more to come so she sat still and said,Havre de Grace
2017-10-16,murder,Alice opened the door and found that it led into a small passage not,Modesto
2017-10-17,murder,minute or two looking for them and then quietly marched off after the,Bakersfield
2017-10-17,bribery,shut up like a telescope I think I could if I only knew how to begin,Atlanta
2017-10-17,blackmail,drunk half the bottle she found her head pressing against the ceiling,Cedar Rapids
2017-10-18,blackmail,not got into it and handed them round as prizes There was exactly one,Chattanooga
2017-10-18,fraud,along the course here and there There was no One two three and,Sioux City
2017-10-18,murder,Dont be impertinent said the King and dont look at me like that,Antioch
2017-10-18,robbery,four times seven isoh dear I shall never get to twenty at that rate,Daytona Beach
2017-10-19,theft,to herself if one only knew the right way to change them when she,Minneapolis
2017-10-21,murder,and Alice looked round eager to see the Queen,Billings
2017-10-22,blackmail,On which Seven looked up and said Thats right Five Always lay the,Bradenton
2017-10-23,theft,to go Let me see Ill give them a new pair of boots every Christmas,GreenBay
2017-10-23,bribery,breath,Evansville
2017-10-23,murder,And mentioned me to him,Round Lake Beach
2017-10-23,smuggling,candle is like after the candle is blown out for she could not remember,Murfreesboro
2017-10-24,murder,without a cat Its the most curious thing I ever saw in my life,Rockford
2017-10-24,smuggling,It was the BEST butter the March Hare meekly replied,Orem
2017-10-24,theft,It was much pleasanter at home thought poor Alice when one wasnt,Clarksville
2017-10-25,arson,of cherrytart custard pineapple roast turkey toffee and hot,Daly City
2017-10-25,arson,mouse to the,Port Arthur
2017-10-27,arson,trial done she thought and hand round the refreshments But there,Cambridge
2017-10-27,murder,like them raw,Youngstown
2017-10-27,robbery,Lizards slatepencil and the choking of the suppressed guineapigs,Waterbury
2017-10-27,fraud,Digging for apples indeed said the Rabbit angrily Here Come and,San Jose
2017-10-28,bribery,little thing grunted in reply it had left off sneezing by this time,Jersey City
2017-10-28,assault,when they had been running half an hour or so and were quite dry again,Peoria
2017-10-29,assault,Here the other guineapig cheered and was suppressed,Hagerstown
2017-10-29,robbery,was a little startled by seeing the Cheshire Cat sitting on a bough of a,Murfreesboro
2017-10-31,arson,a trial,Lubbock
2017-11-01,assault,that was sitting on the top with its arms folded quietly smoking a long,Oxnard
2017-11-01,smuggling,conversations,Yonkers
2017-11-01,assault,a rabbit I suppose Dinahll be sending me on messages next And she,Mesquite
2017-11-02,smuggling,Alice was rather doubtful whether she ought not to lie down on her face,Chesapeake
2017-11-02,bribery,This time Alice waited patiently until it chose to speak again In,Santa Clarita
2017-11-05,smuggling,begged the Mouse to tell them something more,Fort Collins
2017-11-05,arson,for any lessonbooks,Fayetteville
2017-11-05,fraud,Really now you ask me said Alice very much confused I dont,Port Saint Lucie
2017-11-06,robbery,nearer Alice could hear him sighing as if his heart would break She,Myrtle Beach
2017-11-06,murder,Yet you balanced an eel on the end of your nose,Charleston
2017-11-06,assault,Queen who was reading the list of singers,Oklahoma City
2017-11-07,blackmail,birds hurried off at once one old Magpie began wrapping itself up very,Berkeley
2017-11-07,assault,other side of the court,Augusta
2017-11-07,arson,and when she had tired herself out with trying the poor little thing,Tucson
2017-11-07,blackmail,Thank you said Alice its very interesting I never knew so much,Clearwater
2017-11-08,smuggling,savage when they met in the kitchen,Corpus Christi
2017-11-08,blackmail,Give your evidence said the King,Rockford
2017-11-08,arson,but alas the little door was shut again and the little golden key was,Yonkers
2017-11-08,assault,down the bottle saying to herself Thats quite enoughI hope I shant,Clarksville
2017-11-09,blackmail,I couldnt help it said Five in a sulky tone Seven jogged my,Waterbury
2017-11-09,robbery,Alice heard the Rabbit say A barrowful will do to begin with,Jersey City
2017-11-09,arson,I didnt know it was YOUR table said Alice its laid for a great,Denver
2017-11-10,assault,from one foot to the other looking uneasily at the Queen and in,Richmond
2017-11-10,smuggling,funny watch she remarked It tells the day of the month and doesnt,Virginia Beach
2017-11-10,smuggling,This was not an encouraging opening for a conversation Alice replied,Olathe
2017-11-11,blackmail,to make out which were the two sides of it and as it was perfectly,Little Rock
2017-11-11,theft,sitting sad and lonely on a little ledge of rock and as they came,Clarke County
2017-11-12,murder,about half no time Take your choice,Downey
2017-11-13,fraud,It was so long since she had been anything near the right size that it,Flint
2017-11-14,assault,The lobsters shouted the Gryphon with a bound into the air,Inglewood
2017-11-14,assault,sea The master was an old Turtlewe used to call him Tortoise,Elk Grove
2017-11-14,theft,repeated her question Why did they live at the bottom of a well,Norwalk
2017-11-16,bribery,could get away without being seen when she noticed a curious appearance,Kenosha
2017-11-16,fraud,Hand it over here said the Dodo,Fort Smith
2017-11-17,robbery,that it was quite impossible to say whether the blows hurt it or not,Jersey City
2017-11-18,theft,CHAPTER I Down the RabbitHole,Durham
2017-11-19,blackmail,uncomfortable for the Dormouse thought Alice only as its asleep I,Harrisburg
2017-11-19,blackmail,They told me you had been to her,San Antonio
2017-11-19,theft,denying it I suppose youll be telling me next that you never tasted an,Springdale
2017-11-19,fraud,hands on her lap as if she were saying lessons and began to repeat it,Athens
2017-11-20,robbery,ringlets and mine doesnt go in ringlets at all and Im sure I cant,Winter Haven
2017-11-20,smuggling,answer Theyre done with blacking I believe,Sacramento
2017-11-20,robbery,Please come back and finish your story Alice called after it and the,St. Paul
2017-11-21,arson,one end to the other the Duchess was sitting on a threelegged stool in,New York City
2017-11-21,theft,The twelve jurors were all writing very busily on slates What are they,Paterson
2017-11-21,fraud,arms took the hookah out of its mouth again and said So you think,New York City
2017-11-22,bribery,importantunimportantunimportantimportant as if he were trying,Killeen
2017-11-22,robbery,Aliceand perhaps you were never even introduced to a lobster,Fayetteville
2017-11-22,murder,WITH ALICES LOVE,Madison
2017-11-23,robbery,ropeWill the roof bearMind that loose slateOh its coming,Sunnyvale
2017-11-23,fraud,It must be a very pretty dance said Alice timidly,Pomona
2017-11-23,bribery,shoulders got to And oh my poor hands how is it I cant see you,Westminster
2017-11-23,blackmail,Get to your places shouted the Queen in a voice of thunder and,Ocala
2017-11-24,murder,There were doors all round the hall but they were all locked and when,Ocala
2017-11-24,bribery,slate with one finger as he found it made no mark but he now hastily,Seattle
2017-11-24,fraud,all I neednt be afraid of them,Wilmington
2017-11-24,bribery,him Ill give him sixpence I dont believe theres an atom of,Akron
2017-11-26,murder,Alice Well I hardly knowNo more thank ye Im better nowbut Im,Hemet
2017-11-26,theft,it she could see it quite plainly through the glass and she tried her,Salem
2017-11-27,fraud,Alice Well I hardly knowNo more thank ye Im better nowbut Im,Cedar Rapids
2017-11-27,fraud,Exactly as we were,Bakersfield
2017-11-27,robbery,possibly hear you And certainly there was a most extraordinary noise,Chicago
2017-11-27,theft,Would you like to see a little of it said the Mock Turtle,Sacramento
2017-11-27,blackmail,worse You MUST have meant some mischief or else youd have signed your,Miramar
2017-11-28,theft,Alice who felt ready to sink into the earth At last the Gryphon said,Santa Clarita
2017-11-28,fraud,shouldnt be hungry for it you know,Ann Arbor
2017-11-28,arson,Oh Ive had such a curious dream said Alice and she told her,Huntington
2017-11-28,murder,bend I think,Topeka
2017-11-28,theft,and was just going to leave the room when her eye fell upon a little,Providence
2017-11-30,smuggling,bank and of having nothing to do once or twice she had peeped into the,Lewisville
2017-11-30,assault,diamonds and walked two and two as the soldiers did After these came,Dallas
2017-11-30,arson,Im getting tired of this I vote the young lady tells us a story,Hayward
2017-12-02,bribery,But what am I to do said Alice,Baltimore
2017-12-02,theft,like the three gardeners but she could not remember ever having heard,Youngstown
2017-12-02,bribery,Next came an angry voicethe RabbitsPat Pat Where are you And,Tuscaloosa
2017-12-03,murder,grow up Ill write onebut Im grown up now she added in a sorrowful,Yakima
2017-12-03,assault,alternately without a moments pause The only things in the kitchen,Springdale
2017-12-03,bribery,There was not a moment to be lost away went Alice like the wind and,Peoria
2017-12-04,assault,and broke to pieces against one of the trees behind him,Killeen
2017-12-05,theft,Its a pun the King added in an offended tone and everybody laughed,Greensboro
2017-12-05,assault,You are old said the youth as I mentioned before,Fort Wayne
2017-12-05,smuggling,I never saw one or heard of one said Alice,Irving
2017-12-05,theft,she succeeded in getting its body tucked away comfortably enough under,Richmond
2017-12-05,murder,an agony of terror Oh there goes his PRECIOUS nose as an unusually,Providence
2017-12-06,robbery,murder to leave it behind She said the last words out loud and the,Scranton
2017-12-06,theft,which produced another dead silence,Lexington
2017-12-06,blackmail,They told me you had been to her,Aurora
2017-12-06,fraud,her to pass away the time,Scranton
2017-12-06,theft,to ask,Toledo
2017-12-08,smuggling,You are old said the youth as I mentioned before,Vero Beach
2017-12-08,murder,fire and at once set to work throwing everything within her reach at,Norman
2017-12-08,murder,replied and then the different branches of ArithmeticAmbition,Fairfield
2017-12-08,theft,forepaws to mark the time while the Mock Turtle sang this very slowly,Baltimore
2017-12-09,arson,got much evidence YET she said to herself Imagine her surprise when,Santa Cruz
2017-12-11,theft,trial done she thought and hand round the refreshments But there,Visalia
2017-12-12,robbery,All this time the Queen had never left off staring at the Hatter and,Baton Rouge
2017-12-12,assault,the trees a little sharp bark just over her head made her look up in a,Odessa
2017-12-12,robbery,savage when they met in the kitchen,Nashville
2017-12-12,theft,from the roof,Cleveland
2017-12-12,fraud,Next came an angry voicethe RabbitsPat Pat Where are you And,Chula Vista
2017-12-13,assault,conversations,Round Lake Beach
2017-12-13,smuggling,the royal children and everybody else,Orlando
2017-12-15,theft,there WAS no one listening this time as it didnt sound at all the,Corona
2017-12-15,assault,be growing small again She got up and went to the table to measure,North Charleston
2017-12-16,robbery,desperate that she was ready to ask help of any one so when the Rabbit,Richmond County
2017-12-17,robbery,were nowhere to be found all she could see when she looked down was,Orlando
2017-12-17,bribery,It was the BEST butter the March Hare meekly replied,McAllen
2017-12-17,arson,walking by the White Rabbit who was peeping anxiously into her face,Fargo
2017-12-19,murder,that cats COULD grin,Marina
2017-12-19,blackmail,well withoutMaybe its always pepper that makes people hottempered,Harlingen
2017-12-19,assault,And yet you incessantly stand on your head,Fort Walton Beach
2017-12-20,theft,they would die,Kissimmee
2017-12-20,theft,straightening itself out again so that altogether for the first minute,Nashua
2017-12-20,assault,two,Merced
2017-12-20,blackmail,Why what are YOUR shoes done with said the Gryphon I mean what,Palm Springs
2017-12-21,bribery,Shes in prison the Queen said to the executioner fetch her here,Lorain
2017-12-22,smuggling,mushroom and her eyes immediately met those of a large caterpillar,Las Vegas
2017-12-23,arson,cant prove I did theres no name signed at the end,Escondido
2017-12-24,smuggling,Fainting in Coils,Pompano Beach
2017-12-25,bribery,apiece all round,St. Paul
2017-12-25,bribery,Alice opened the door and found that it led into a small passage not,Chattanooga
2017-12-26,bribery,Never mind said the King with an air of great relief Call the next,Norfolk
2017-12-27,theft,silence and then another confusion of voicesHold up his headBrandy,Chicago
2017-12-29,robbery,head If I eat one of these cakes she thought its sure to make,Tempe
2017-12-29,fraud,Why said the Gryphon you first form into a line along the,Spokane
2017-12-29,robbery,Serpent I say again repeated the Pigeon but in a more subdued tone,West Covina
2017-12-31,murder,short remarks and she drew herself up and said very gravely I think,Glendale
2017-12-31,theft,get is the same thing as I get what I like,Huntington Beach
2017-12-31,fraud,The door led right into a large kitchen which was full of smoke from,Honolulu
2017-12-31,blackmail,You are said the King,Yonkers
2018-01-01,theft,as all that,Houston
2018-01-02,robbery,When the pie was all finished the Owl as a boon,Las Cruces
2018-01-03,theft,So they began solemnly dancing round and round Alice every now and,Fort Lauderdale
2018-01-04,smuggling,age knew the meaning of it at all However jurymen would have done,Reno
2018-01-04,blackmail,It was no doubt only Alice did not like to be told so Its really,Lakeland
2018-01-05,blackmail,to be from one minute to another However Ive got back to my right,Canton
2018-01-05,arson,But I dont want to go among mad people Alice remarked,Scranton
2018-01-05,murder,Will you wont you will you wont you will you join the dance,Sioux City
2018-01-06,bribery,daughter Ah my dear Let this be a lesson to you never to lose,Cambridge
2018-01-06,blackmail,fond of beheading people here the great wonder is that theres any one,Orlando
2018-01-06,robbery,Exactly as we were,Wilmington
2018-01-06,murder,possibly hear you And certainly there was a most extraordinary noise,Tempe
2018-01-07,bribery,great emphasis looking hard at Alice as he said do,Ann Arbor
2018-01-08,bribery,began again using the ink that was trickling down his face as long as,Chattanooga
2018-01-08,blackmail,Of course not said the Mock Turtle why if a fish came to ME and,Evansville
2018-01-08,smuggling,Then they both bowed low and their curls got entangled together,St. Louis
2018-01-10,robbery,to,Charleston
2018-01-10,arson,Nothing said Alice,Flint
2018-01-10,arson,Nothing whatever said Alice,Hialeah
2018-01-10,blackmail,know,Corpus Christi
2018-01-11,assault,about two feet high even then she walked up towards it rather timidly,Harlingen
2018-01-11,blackmail,in the direction it pointed to without trying to explain the mistake it,San Francisco
2018-01-11,robbery,Oh Ive had such a curious dream said Alice and she told her,Bonita Springs
2018-01-13,bribery,How the creatures order one about and make one repeat lessons,Danbury
2018-01-13,theft,EAT ME were beautifully marked in currants Well Ill eat it said,Portsmouth
2018-01-13,theft,The Queen turned crimson with fury and after glaring at her for a,Sarasota
2018-01-13,robbery,door staring stupidly up into the sky,Stamford
2018-01-13,fraud,theirs and the small ones choked and had to be patted on the back,Lincoln
2018-01-14,fraud,whether it would like the name however it only grinned a little wider,Beaumont
2018-01-14,robbery,I should like to have it explained said the Mock Turtle,Reno
2018-01-15,arson,like a mouse you know But do cats eat bats I wonder And here Alice,San Buenaventura
2018-01-15,bribery,Here the other guineapig cheered and was suppressed,Marysville
2018-01-15,fraud,The Dormouse slowly opened his eyes I wasnt asleep he said in a,Yakima
2018-01-15,fraud,King put on his spectacles and looked anxiously round to make out who,Bryan
2018-01-17,theft,MORE than nothing,San Diego
2018-01-17,bribery,by another footman in livery with a round face and large eyes like a,Reno
2018-01-17,fraud,halfpast one as long as you liked,Baton Rouge
2018-01-18,bribery,Alice replied eagerly for she was always ready to talk about her pet,Boise
2018-01-18,arson,on Or would you like the Mock Turtle to sing you a song,Bradenton
2018-01-18,theft,too much frightened to say a word but slowly followed her back to the,Honolulu
2018-01-18,assault,of tiny white kid gloves she took up the fan and a pair of the gloves,Punta Gorda
2018-01-20,fraud,and weve no time to wash the things between whiles,Salt Lake City
2018-01-20,murder,You MUST remember remarked the King or Ill have you executed,Yonkers
2018-01-21,assault,cant think And oh I wish you could see her after the birds Why,Vancouver
2018-01-22,theft,soldiers remaining behind to execute the unfortunate gardeners who ran,Fontana
2018-01-23,assault,They lived on treacle said the Dormouse after thinking a minute or,Killeen
2018-01-23,assault,a procession thought she if people had all to lie down upon their,Fort Worth
2018-01-24,robbery,Perhaps it hasnt one Alice ventured to remark,Vancouver
2018-01-24,fraud,I think I should understand that better Alice said very politely if,Hesperia
2018-01-25,smuggling,This did not seem to encourage the witness at all he kept shifting,Palm Springs
2018-01-25,theft,anything but sit with its mouth open gazing up into the roof of the,Reno
2018-01-25,bribery,as the Rabbit and had no reason to be afraid of it,Elk Grove
2018-01-26,bribery,looking for it while the rest of the party went back to the game,Columbia
2018-01-26,smuggling,about the whiting,Fresno
2018-01-27,theft,March Hare,Portsmouth
2018-01-27,arson,and he went on in these words,Denver
2018-01-27,fraud,on better,Bradenton
2018-01-28,assault,saying in a solemn tone For the Duchess An invitation from the Queen,Corona
2018-01-29,bribery,the door opened inwards and Alices elbow was pressed hard against it,Boston
2018-01-29,blackmail,Not yet not yet the Rabbit hastily interrupted Theres a great,Clarksville
2018-01-29,robbery,Do you think at your age it is right,Hemet
2018-01-29,smuggling,Begin at the beginning the King said gravely and go on till you,Hartford
2018-01-30,smuggling,tell me please which way I ought to go from here,Bridgeport
2018-01-31,assault,Not at first perhaps said the Hatter but you could keep it to,Boise City
2018-01-31,arson,and very soon had to kneel down on the floor in another minute there,Davidson County
2018-01-31,murder,she thought of herself I wish the creatures wouldnt be so easily,San Buenaventura
2018-02-01,smuggling,The King laid his hand upon her arm and timidly said Consider my,Seattle
2018-02-01,murder,hookah into its mouth and began smoking again,North Port
2018-02-02,fraud,Alice opened the door and found that it led into a small passage not,Johnson City
2018-02-02,robbery,Just at this moment Alice felt a very curious sensation which puzzled,Las Vegas
2018-02-02,blackmail,same as they used to do,Huntington
2018-02-03,arson,You couldnt have wanted it much said Alice living at the bottom of,Modesto
2018-02-03,robbery,then treading on her toes when they passed too close and waving their,Bryan
2018-02-04,assault,and very soon had to kneel down on the floor in another minute there,Normal
2018-02-06,assault,best to climb up one of the legs of the table but it was too slippery,Duluth
2018-02-08,arson,about half no time Take your choice,Asheville
2018-02-09,theft,the March Hare,Lubbock
2018-02-09,fraud,deal to come before that,Olathe
2018-02-09,murder,Then the words dont FIT you said the King looking round the court,Kalamazoo
2018-02-09,bribery,Luckily for Alice the little magic bottle had now had its full effect,Miami
2018-02-10,theft,Its a pun the King added in an offended tone and everybody laughed,Birmingham
2018-02-13,robbery,Its the thing Mock Turtle Soup is made from said the Queen,Brownsville
2018-02-13,fraud,of hers that you have just been reading about and when she had,Lafayette
2018-02-13,blackmail,a doze but on being pinched by the Hatter it woke up again with,Fresno
2018-02-14,arson,kiss my hand if it likes,Joliet
2018-02-15,murder,The baby grunted again and Alice looked very anxiously into its face to,Lexington
2018-02-15,theft,year it is,Kailua
2018-02-15,robbery,youd better ask HER about it,St. Petersburg
2018-02-16,fraud,Well I shant go at any rate said Alice besides thats not a,Reading
2018-02-16,smuggling,wondering very much what would happen next,Erie
2018-02-18,smuggling,hastily for the White Rabbit cried out Silence in the court and the,Detroit
2018-02-20,robbery,do well enough dont be particularHere Bill catch hold of this,Elizabeth
2018-02-20,fraud,just as the Dormouse crossed the court she said to one of the officers,Clearwater
2018-02-21,fraud,doing Alice whispered to the Gryphon They cant have anything to put,Hampton
2018-02-21,theft,thing before and he wasnt going to begin at HIS time of life,Gastonia
2018-02-21,bribery,theirs and the small ones choked and had to be patted on the back,Indianapolis
2018-02-22,blackmail,birds hurried off at once one old Magpie began wrapping itself up very,Albuquerque
2018-02-24,assault,Then they both bowed low and their curls got entangled together,Westminster
2018-02-24,fraud,for this curious child was very fond of pretending to be two people,Augusta
2018-02-25,blackmail,tone Nobody seems to like her down here and Im sure shes the best,Norwalk
2018-02-27,fraud,behind it was a little door about fifteen inches high she tried the,Savannah
2018-02-27,arson,accident all except the Lizard who seemed too much overcome to do,Trenton
2018-02-27,murder,Beauootiful Soooop,Visalia
2018-02-28,smuggling,sight they were getting so far off Oh my poor little feet I wonder,Cincinnati
2018-03-02,assault,Involved in this affair,Jefferson
2018-03-02,murder,Shall we try another figure of the Lobster Quadrille the Gryphon went,Bel Air
2018-03-05,blackmail,that used to come once a week HE taught us Drawling Stretching and,Spartanburg
2018-03-05,arson,I quite agree with you said the Duchess and the moral of that,Cary
2018-03-05,smuggling,says it kills all the rats andoh dear cried Alice in a sorrowful,Utica
2018-03-07,bribery,The long grass rustled at her feet as the White Rabbit hurried bythe,Hemet
2018-03-08,robbery,down again into its nest Alice crouched down among the trees as well as,Burlington
2018-03-09,arson,it and what is the use of a book thought Alice without pictures or,Moreno Valley
2018-03-09,bribery,herself in a long low hall which was lit up by a row of lamps hanging,Vancouver
2018-03-09,theft,authority over Alice,Jackson
2018-03-10,smuggling,YOU must crossexamine the next witness It quite makes my forehead,Knoxville
2018-03-10,arson,on the table Nothing can be clearer than THAT Then againBEFORE SHE,Berkeley
2018-03-11,theft,the Duchess and the babythe fireirons came first then followed a,Evansville
2018-03-12,smuggling,Very said Alice wheres the Duchess,Erie
2018-03-13,fraud,perhaps after all it might tell her something worth hearing For some,Durham
2018-03-13,blackmail,An enormous puppy was looking down at her with large round eyes and,Greensboro
2018-03-14,murder,tone Im afraid Ive offended it again For the Mouse was swimming,Baltimore
2018-03-15,arson,The King and Queen of Hearts were seated on their throne when they,Abilene
2018-03-16,arson,We must burn the house down said the Rabbits voice and Alice called,Portsmouth
2018-03-16,theft,And ever since that the Hatter went on in a mournful tone he wont,Costa Mesa
2018-03-19,robbery,passion She had already heard her sentence three of the players to be,Odessa
2018-03-19,blackmail,You might just as well say added the Dormouse who seemed to be,Reading
2018-03-19,blackmail,croquet with the Queen and she hurried out of the room The cook threw,Manchester
2018-03-19,murder,away You insult me by talking such nonsense,Fort Collins
2018-03-20,smuggling,Stand up and repeat TIS THE VOICE OF THE SLUGGARD said the,Portland
2018-03-20,blackmail,Alice started to her feet for it flashed across her mind that she had,Long Beach
2018-03-20,arson,doesnt like changing so often you know,Ocala
2018-03-20,bribery,And concluded the banquet,Murfreesboro
2018-03-21,assault,Of course the Mock Turtle said advance twice set to partners,Washington
2018-03-21,assault,funny watch she remarked It tells the day of the month and doesnt,Saginaw
2018-03-21,robbery,Begin at the beginning the King said gravely and go on till you,Winter Haven
2018-03-22,arson,little histories about children who had got burnt and eaten up by wild,Joliet
2018-03-23,smuggling,hands on her lap as if she were saying lessons and began to repeat it,Rancho Cucamonga
2018-03-24,smuggling,jumping merrily along hand in hand in couples they were all ornamented,Dayton
2018-03-25,murder,Youll see me there said the Cat and vanished,Lake Charles
2018-03-25,theft,sat down and cried,Toledo
2018-03-25,fraud,corners next the ten courtiers these were ornamented all over with,Coral Springs
2018-03-28,assault,Beauootiful Soooop,Lansing
2018-03-29,smuggling,They told me you had been to her,Lancaster
2018-03-29,murder,Waiting in a hot tureen,Duluth
2018-03-29,murder,bats eat cats for you see as she couldnt answer either question,Odessa
2018-03-29,smuggling,Give your evidence said the King and dont be nervous or Ill have,Bryan
2018-03-30,murder,was not a VERY good opportunity for showing off her knowledge as there,Oceanside
2018-03-30,robbery,Come on then roared the Queen and Alice joined the procession,Lakewood
2018-03-31,arson,Only a thimble said Alice sadly,Coral Springs
2018-03-31,robbery,you she might well say this to go on crying in this way Stop this,Wilmington
2018-03-31,bribery,By this time she had found her way into a tidy little room with a table,Port Arthur
2018-03-31,smuggling,MORE than nothing,Bradenton
2018-04-01,bribery,two reasons First because Im on the same side of the door as you,Springfield
2018-04-01,arson,the three gardeners oblong and flat with their hands and feet at the,Bakersfield
2018-04-01,fraud,Why did you call him Tortoise if he wasnt one Alice asked,Melbourne
2018-04-02,theft,to herself whenever I eat or drink anything so Ill just see what,Gastonia
2018-04-02,assault,for the moment she quite forgot how to speak good English now Im,Ogden
2018-04-02,assault,That WAS a narrow escape said Alice a good deal frightened at the,Portsmouth
2018-04-02,arson,Alice was not much surprised at this she was getting so used to queer,Naples
2018-04-03,robbery,the Duchess said after a pause the reason is that Im doubtful about,Roseville
2018-04-04,robbery,Rabbit jumping up in a great hurry this paper has just been picked,Orange
2018-04-04,theft,said Alice in a coaxing tone and she tried hard to whistle to it but,Murfreesboro
2018-04-04,assault,This here young lady said the Gryphon she wants for to know your,Santa Maria
2018-04-04,arson,Not at all said Alice shes so extremely Just then she noticed,South Bend
2018-04-06,robbery,Oh you cant help that said the Cat were all mad here Im mad,Clearwater
2018-04-07,robbery,you know,Newport News
2018-04-07,blackmail,wood for fear of their hearing her and when she next peeped out the,Fargo
2018-04-07,bribery,Call the next witness said the King,Eugene
2018-04-08,smuggling,There was a general clapping of hands at this it was the first really,Daytona Beach
2018-04-08,bribery,anxiously about as it went as if it had lost something and she heard,Newark
2018-04-08,arson,them bitterandand barleysugar and such things that make children,Akron
2018-04-10,murder,leaves I should have liked teaching it tricks very much ifif Id,Lorain
2018-04-10,robbery,I should frighten them out of their wits So she began nibbling at the,Bloomington
2018-04-10,blackmail,That depends a good deal on where you want to get to said the Cat,Round Lake Beach
2018-04-10,arson,its head impatiently and walked a little quicker,Santa Ana
2018-04-11,robbery,Mine is a long and a sad tale said the Mouse turning to Alice and,Huntington
2018-04-12,theft,It all came different the Mock Turtle repeated thoughtfully I,Monterey
2018-04-14,arson,go down the chimney,San Jose
2018-04-14,blackmail,little way forwards each time and a long way back and barking hoarsely,Clarke County
2018-04-14,murder,so long as I get SOMEWHERE Alice added as an explanation,Davidson County
2018-04-14,fraud,silence and then another confusion of voicesHold up his headBrandy,Myrtle Beach
2018-04-14,blackmail,judge Ill,Mesquite
2018-04-17,murder,aloud and in another moment it was out of sight,Winter Haven
2018-04-17,smuggling,Im getting tired of this I vote the young lady tells us a story,Columbia
2018-04-17,arson,Alice she went on Whats your name child,Clarke County
2018-04-18,assault,in the common way,Corona
2018-04-18,assault,How do you like the Queen said the Cat in a low voice,Port St. Lucie
2018-04-19,assault,out here Run home this moment and fetch me a pair of gloves and a fan,Pittsburgh
2018-04-19,bribery,How do you know Im mad said Alice,Poughkeepsie
2018-04-20,theft,that was sitting on the top with its arms folded quietly smoking a long,San Jose
2018-04-20,blackmail,being drowned in my own tears That WILL be a queer thing to be sure,Lansing
2018-04-20,assault,So she swallowed one of the cakes and was delighted to find that she,Panama City
2018-04-20,robbery,contempt Ive seen a good many little girls in my time but never ONE,Fitchburg
2018-04-21,assault,time Youre nothing but a pack of cards,Tuscaloosa
2018-04-22,assault,Exactly so said Alice,Port Arthur
2018-04-22,blackmail,about the reason and all that he said to the Gryphon,Madison
2018-04-25,arson,simplyNever imagine yourself not to be otherwise than what it might,Louisville
2018-04-25,robbery,resting in the shade however the moment they saw her they hurried,San Francisco
2018-04-25,robbery,Do you think I can listen all day to such stuff,Hesperia
2018-04-25,bribery,thing is to find my way into that lovely garden I think that will be,Thousand Oaks
2018-04-26,smuggling,straightening itself out again so that altogether for the first minute,Trenton
2018-04-26,assault,But about his toes the Mock Turtle persisted How COULD he turn them,New Bedford
2018-04-26,theft,What did they draw said Alice quite forgetting her promise,Danbury
2018-04-27,fraud,carefully remarking I really must be getting home the nightair,West Valley City
2018-04-27,theft,shouting Off with his head or Off with her head about once in a,Mobile
2018-04-27,blackmail,deep and reaching half down the hall,Laredo
2018-04-27,murder,Only a thimble said Alice sadly,St. Petersburg
2018-04-28,murder,wag my tail when Im angry Therefore Im mad,Appleton
2018-04-28,fraud,Alice glanced rather anxiously at the cook to see if she meant to take,Memphis
2018-04-28,assault,seashore,Hickory
2018-04-28,arson,remained some time after the rest of it had gone,Denton
2018-04-28,blackmail,other side of the court,Lorain
2018-04-29,murder,she was obliged to say creatures you see because some of them were,Toledo
2018-04-30,murder,But what am I to do said Alice,Spokane
2018-04-30,robbery,And how did you manage on the twelfth Alice went on eagerly,Trenton
2018-04-30,fraud,Why not said the March Hare,Houma
2018-05-01,assault,be NO mistake about it it was neither more nor less than a pig and she,Trenton
2018-01-15,murder,Security footage shows that there were 2 witnesses The first witness lives at the last house on Northwestern Dr The second witness named Annabel lives somewhere on Franklin Ave,SQL City
